Position,Competition,Team,Played,Wins,Draws,Losses,GF,GA,GD,Points,GoalsPerMatch,GoalsAgainstPerMatch,AverageGD,PPG,ConcededPerMatch,GDPerMatch,AttackStrength,DefenceStrength,OverallStrength,PointsPerMatch,WinPercentage,DrawPercentage,LossPercentage
1,NLM-CZ,GHF Rift Pirates Men,1,1,0,0,9,1,8,3,9.0,1.0,8.0,3.0,1.0,8.0,1.89,2.92,2.4,3.0,100.0,0.0,0.0
2,NLM-CZ,Thika Rovers,1,1,0,0,8,0,8,3,8.0,0.0,8.0,3.0,0.0,8.0,1.68,8.08,4.88,3.0,100.0,0.0,0.0
3,NLM-CZ,Dukes of Gloucester,3,1,0,2,6,17,-11,3,2.0,5.666666666666667,-3.67,1.0,5.67,-3.67,0.42,0.51,0.46,1.0,33.3,0.0,66.7
4,NLM-CZ,Nyari Hockey Club,1,0,0,1,0,5,-5,0,0.0,5.0,-5.0,0.0,5.0,-5.0,0.0,0.58,0.29,0.0,0.0,0.0,100.0
1,NLM-EZ,Ulinzi Patriots,8,5,2,1,14,8,6,17,1.75,1.0,0.75,2.12,1.0,0.75,1.31,1.36,1.34,2.12,62.5,25.0,12.5
2,NLM-EZ,Gorillas,8,4,2,2,10,9,1,14,1.25,1.125,0.12,1.75,1.12,0.12,0.94,1.21,1.08,1.75,50.0,25.0,25.0
3,NLM-EZ,Black Tigers,9,4,1,4,13,12,1,13,1.44,1.3333333333333333,0.11,1.44,1.33,0.11,1.08,1.02,1.05,1.44,44.4,11.1,44.4
4,NLM-EZ,Parklands Sports Club – Legacy,8,3,3,2,11,10,1,12,1.38,1.25,0.12,1.5,1.25,0.12,1.03,1.09,1.06,1.5,37.5,37.5,25.0
5,NLM-EZ,UoN Cubs,5,3,0,2,6,5,1,9,1.2,1.0,0.2,1.8,1.0,0.2,0.9,1.36,1.13,1.8,60.0,0.0,40.0
6,NLM-EZ,Mombasa West,5,2,2,1,8,6,2,8,1.6,1.2,0.4,1.6,1.2,0.4,1.2,1.13,1.16,1.6,40.0,40.0,20.0
7,NLM-EZ,Mombasa Sports Club,5,1,4,0,7,6,1,7,1.4,1.2,0.2,1.4,1.2,0.2,1.05,1.13,1.09,1.4,20.0,80.0,0.0
8,NLM-EZ,TUK Men,2,1,0,1,4,4,0,3,2.0,2.0,0.0,1.5,2.0,0.0,1.5,0.68,1.09,1.5,50.0,0.0,50.0
9,NLM-EZ,Daystar University Men,6,1,0,5,6,12,-6,3,1.0,2.0,-1.0,0.5,2.0,-1.0,0.75,0.68,0.72,0.5,16.7,0.0,83.3
10,NLM-EZ,Snippers Hockey Club (Makueni),6,0,0,6,2,9,-7,0,0.33,1.5,-1.17,0.0,1.5,-1.17,0.25,0.91,0.58,0.0,0.0,0.0,100.0
1,NLM-SZ,Kisii Falcons,3,3,0,0,17,1,16,9,5.67,0.3333333333333333,5.33,3.0,0.33,5.33,2.13,8.08,5.11,3.0,100.0,0.0,0.0
2,NLM-SZ,Bay Club,3,2,0,1,11,3,8,6,3.67,1.0,2.67,2.0,1.0,2.67,1.38,2.66,2.02,2.0,66.7,0.0,33.3
3,NLM-SZ,Gorillas Hockey CLub – Migori,3,1,0,2,3,13,-10,3,1.0,4.333333333333333,-3.33,1.0,4.33,-3.33,0.37,0.62,0.5,1.0,33.3,0.0,66.7
4,NLM-SZ,Oyugis Hockey Club,3,0,0,3,1,15,-14,0,0.33,5.0,-4.67,0.0,5.0,-4.67,0.12,0.53,0.32,0.0,0.0,0.0,100.0
1,NLM-WZ,Kitale Hockey Club,5,5,0,0,15,3,12,15,3.0,0.6,2.4,3.0,0.6,2.4,2.4,2.67,2.54,3.0,100.0,0.0,0.0
2,NLM-WZ,Lakers Hockey Club Men,4,2,1,1,4,3,1,7,1.0,0.75,0.25,1.75,0.75,0.25,0.8,2.13,1.46,1.75,50.0,25.0,25.0
3,NLM-WZ,Fire Flickers,4,1,1,2,5,5,0,4,1.25,1.25,0.0,1.0,1.25,0.0,1.0,1.28,1.14,1.0,25.0,25.0,50.0
4,NLM-WZ,Nandi Hawks,4,1,1,2,4,11,-7,4,1.0,2.75,-1.75,1.0,2.75,-1.75,0.8,0.58,0.69,1.0,25.0,25.0,50.0
5,NLM-WZ,GHF Blue Pirates II,4,0,1,3,5,9,-4,1,1.25,2.25,-1.0,0.25,2.25,-1.0,1.0,0.71,0.86,0.25,0.0,25.0,75.0
6,NLM-WZ,Western Jaguars Dev,1,0,0,1,0,2,-2,0,0.0,2.0,-2.0,0.0,2.0,-2.0,0.0,0.8,0.4,0.0,0.0,0.0,100.0
1,PLM,Warriors,9,5,3,1,22,13,9,18,2.44,1.4444444444444444,1.0,2.0,1.44,1.0,1.47,1.16,1.32,2.0,55.6,33.3,11.1
2,PLM,Western Jaguars,9,5,2,2,20,12,8,17,2.22,1.3333333333333333,0.89,1.89,1.33,0.89,1.33,1.25,1.29,1.89,55.6,22.2,22.2
3,PLM,Sikh Union Nairobi,9,5,2,2,20,15,5,17,2.22,1.6666666666666667,0.56,1.89,1.67,0.56,1.33,1.0,1.16,1.89,55.6,22.2,22.2
4,PLM,Daikyo Heroes,9,5,0,4,17,19,-2,15,1.89,2.111111111111111,-0.22,1.67,2.11,-0.22,1.14,0.79,0.96,1.67,55.6,0.0,44.4
5,PLM,Wazalendo,9,4,2,3,17,15,2,14,1.89,1.6666666666666667,0.22,1.56,1.67,0.22,1.14,1.0,1.07,1.56,44.4,22.2,33.3
6,PLM,Parklands Sports Club,9,4,1,4,13,16,-3,13,1.44,1.7777777777777777,-0.33,1.44,1.78,-0.33,0.86,0.94,0.9,1.44,44.4,11.1,44.4
7,PLM,Kenya Police,9,2,5,2,14,15,-1,11,1.56,1.6666666666666667,-0.11,1.22,1.67,-0.11,0.94,1.0,0.97,1.22,22.2,55.6,22.2
8,PLM,Kisumu Youngsters,9,3,2,4,11,12,-1,11,1.22,1.3333333333333333,-0.11,1.22,1.33,-0.11,0.73,1.25,0.99,1.22,33.3,22.2,44.4
9,PLM,USIU – A,9,3,1,5,12,15,-3,10,1.33,1.6666666666666667,-0.33,1.11,1.67,-0.33,0.8,1.0,0.9,1.11,33.3,11.1,55.6
10,PLM,Greensharks,9,0,0,9,4,18,-14,0,0.44,2.0,-1.56,0.0,2.0,-1.56,0.26,0.83,0.54,0.0,0.0,0.0,100.0
1,PLW,Blazers Hockey Club,7,5,2,0,14,3,11,17,2.0,0.4285714285714285,1.57,2.43,0.43,1.57,2.51,2.42,2.46,2.43,71.4,28.6,0.0
2,PLW,USIU – A Ladies,8,3,4,1,8,4,4,13,1.0,0.5,0.5,1.62,0.5,0.5,1.25,2.08,1.66,1.62,37.5,50.0,12.5
3,PLW,Lakers Hockey Club,6,3,2,1,11,4,7,11,1.83,0.6666666666666666,1.17,1.83,0.67,1.17,2.29,1.55,1.92,1.83,50.0,33.3,16.7
4,PLW,Amira Sailors Hockey Club,7,2,3,2,3,5,-2,9,0.43,0.7142857142857143,-0.29,1.29,0.71,-0.29,0.54,1.47,1.0,1.29,28.6,42.9,28.6
5,PLW,Strathmore University Ladies,7,1,4,2,6,8,-2,7,0.86,1.1428571428571428,-0.29,1.0,1.14,-0.29,1.08,0.91,1.0,1.0,14.3,57.1,28.6
6,PLW,UON Ladies,6,1,2,3,4,6,-2,5,0.67,1.0,-0.33,0.83,1.0,-0.33,0.84,1.04,0.94,0.83,16.7,33.3,50.0
7,PLW,Sliders Hockey Club,7,1,2,4,2,13,-11,5,0.29,1.8571428571428568,-1.57,0.71,1.86,-1.57,0.36,0.56,0.46,0.71,14.3,28.6,57.1
8,PLW,Kisumu Queens,5,0,4,1,2,3,-1,4,0.4,0.6,-0.2,0.8,0.6,-0.2,0.5,1.74,1.12,0.8,0.0,80.0,20.0
9,PLW,Kenyatta University Ladies,2,0,1,1,1,3,-2,1,0.5,1.5,-1.0,0.5,1.5,-1.0,0.63,0.69,0.66,0.5,0.0,50.0,50.0
10,PLW,JKUAT Ladies,1,0,0,1,0,2,-2,0,0.0,2.0,-2.0,0.0,2.0,-2.0,0.0,0.52,0.26,0.0,0.0,0.0,100.0
1,SLM,KCA University,8,6,0,2,25,9,16,18,3.12,1.125,2.0,2.25,1.12,2.0,1.74,1.57,1.66,2.25,75.0,0.0,25.0
2,SLM,Strathmore University,6,4,2,0,16,6,10,14,2.67,1.0,1.67,2.33,1.0,1.67,1.48,1.76,1.62,2.33,66.7,33.3,0.0
3,SLM,Mvita XI,5,3,2,0,12,7,5,11,2.4,1.4,1.0,2.2,1.4,1.0,1.33,1.26,1.3,2.2,60.0,40.0,0.0
4,SLM,Impala,8,2,5,1,17,19,-2,11,2.12,2.375,-0.25,1.38,2.38,-0.25,1.18,0.74,0.96,1.38,25.0,62.5,12.5
5,SLM,Parkroad Tigers,6,3,0,3,9,17,-8,9,1.5,2.833333333333333,-1.33,1.5,2.83,-1.33,0.83,0.62,0.72,1.5,50.0,0.0,50.0
6,SLM,GHF Blue Pirates,4,2,1,1,4,3,1,7,1.0,0.75,0.25,1.75,0.75,0.25,0.56,2.34,1.45,1.75,50.0,25.0,25.0
7,SLM,UON Men,6,2,1,3,7,10,-3,7,1.17,1.6666666666666667,-0.5,1.17,1.67,-0.5,0.65,1.05,0.85,1.17,33.3,16.7,50.0
8,SLM,Parkroad Badgers,7,2,0,5,13,17,-4,6,1.86,2.4285714285714284,-0.57,0.86,2.43,-0.57,1.03,0.72,0.88,0.86,28.6,0.0,71.4
9,SLM,Wazalendo Masters,9,1,2,6,9,18,-9,5,1.0,2.0,-1.0,0.56,2.0,-1.0,0.56,0.88,0.72,0.56,11.1,22.2,66.7
10,SLM,Nakuru Hockey Club,7,0,3,4,8,14,-6,3,1.14,2.0,-0.86,0.43,2.0,-0.86,0.63,0.88,0.76,0.43,0.0,42.9,57.1
1,SLW,Twinkle Hockey Club,5,4,1,0,13,3,10,13,2.6,0.6,2.0,2.6,0.6,2.0,2.39,2.87,2.63,2.6,80.0,20.0,0.0
2,SLW,Wazalendo Pearls,6,4,1,1,10,5,5,13,1.67,0.8333333333333334,0.83,2.17,0.83,0.83,1.54,2.07,1.8,2.17,66.7,16.7,16.7
3,SLW,Lakers Hockey Club – B,6,3,2,1,7,5,2,11,1.17,0.8333333333333334,0.33,1.83,0.83,0.33,1.08,2.07,1.58,1.83,50.0,33.3,16.7
4,SLW,GHF Rift Pirates Ladies,6,3,0,3,8,7,1,9,1.33,1.1666666666666667,0.17,1.5,1.17,0.17,1.22,1.47,1.34,1.5,50.0,0.0,50.0
5,SLW,Swans Hockey Club,4,1,2,1,4,4,0,5,1.0,1.0,0.0,1.25,1.0,0.0,0.92,1.72,1.32,1.25,25.0,50.0,25.0
6,SLW,Daystar University Ladies,5,1,0,4,3,9,-6,3,0.6,1.8,-1.2,0.6,1.8,-1.2,0.55,0.96,0.76,0.6,20.0,0.0,80.0
7,SLW,Mombasa Sports Club Ladies,4,0,2,2,3,5,-2,2,0.75,1.25,-0.5,0.5,1.25,-0.5,0.69,1.38,1.03,0.5,0.0,50.0,50.0
8,SLW,Gorillas Hockey Club – Ladies,3,0,0,3,2,6,-4,0,0.67,2.0,-1.33,0.0,2.0,-1.33,0.62,0.86,0.74,0.0,0.0,0.0,100.0
9,SLW,Black Tigresses,1,0,0,1,0,6,-6,0,0.0,6.0,-6.0,0.0,6.0,-6.0,0.0,0.29,0.14,0.0,0.0,0.0,100.0
