Competition,Season,MatchNo,Date,HomeTeam,AwayTeam,Minute,Event,Player,Team
PLW,2026,14.0,24-05-2026,Amira Sailors Hockey Club,Blazers Hockey Club,16',Goal,Audrey Omaido,Blazers Hockey Club
PLW,2026,14.0,24-05-2026,Amira Sailors Hockey Club,Blazers Hockey Club,42',Goal,Joan Ajao,Blazers Hockey Club
PLW,2026,14.0,24-05-2026,Amira Sailors Hockey Club,Blazers Hockey Club,44',Goal,Amanda Ijai,Blazers Hockey Club
PLW,2026,1.0,23-05-2026,Blazers Hockey Club,Kenyatta University Ladies,27',Green Card,Joan Ajao,Blazers Hockey Club
PLW,2026,1.0,23-05-2026,Blazers Hockey Club,Kenyatta University Ladies,36',Goal,Joan Ajao,Blazers Hockey Club
PLW,2026,1.0,23-05-2026,Blazers Hockey Club,Kenyatta University Ladies,53',Goal,Vivian Onyango,Blazers Hockey Club
PLW,2026,10.0,24-05-2026,Kenyatta University Ladies,Sliders Hockey Club,25',Goal,Jochebed Cherono,Kenyatta University Ladies
PLW,2026,10.0,24-05-2026,Kenyatta University Ladies,Sliders Hockey Club,30',Goal,Margaret Mawombe,Sliders Hockey Club
PLW,2026,10.0,24-05-2026,Kenyatta University Ladies,Sliders Hockey Club,44',Yellow card,Esperanza Gitu,Kenyatta University Ladies
PLW,2026,10.0,24-05-2026,Kenyatta University Ladies,Sliders Hockey Club,35',Green Card,Chamchui Esther,Sliders Hockey Club
PLW,2026,12.0,24-05-2026,Lakers Hockey Club,Kisumu Queens,12',Green Card,Beryl Achieng,Kisumu Queens
PLW,2026,12.0,24-05-2026,Lakers Hockey Club,Kisumu Queens,29',Green Card,Faith Amondi,Lakers Hockey Club
PLW,2026,12.0,24-05-2026,Lakers Hockey Club,Kisumu Queens,37',Green Card,Vivian Juma,Lakers Hockey Club
PLW,2026,33.0,06-06-2026,Lakers Hockey Club,Strathmore University Ladies,29',Goal,Maurine Owiti,Lakers Hockey Club
PLW,2026,33.0,06-06-2026,Lakers Hockey Club,Strathmore University Ladies,29',Green Card,Racheal Khamala,Strathmore University Ladies
PLW,2026,33.0,06-06-2026,Lakers Hockey Club,Strathmore University Ladies,34',Goal,Grace Bwire,Strathmore University Ladies
PLW,2026,,01-06-2026,Strathmore University Ladies,Blazers Hockey Club,6',Goal,Caroline Guchu,Blazers Hockey Club
PLW,2026,,01-06-2026,Strathmore University Ladies,Blazers Hockey Club,13',Green Card,Joan Ajao,Blazers Hockey Club
PLW,2026,,01-06-2026,Strathmore University Ladies,Blazers Hockey Club,24',Goal,Caroline Guchu,Blazers Hockey Club
PLW,2026,,01-06-2026,Strathmore University Ladies,Blazers Hockey Club,29',Yellow card,Beryl Achieng,Blazers Hockey Club
PLW,2026,,01-06-2026,Strathmore University Ladies,Blazers Hockey Club,52',Goal,Audrey Omaido,Blazers Hockey Club
PLW,2026,,01-06-2026,Strathmore University Ladies,Blazers Hockey Club,58',Goal,Grace Bwire,Strathmore University Ladies
PLW,2026,15.0,24-05-2026,Strathmore University Ladies,UON Ladies,10',Goal,Noela Kimathi,UON Ladies
PLW,2026,15.0,24-05-2026,Strathmore University Ladies,UON Ladies,51',Goal,Clementine Sims,UON Ladies
PLW,2026,15.0,24-05-2026,Strathmore University Ladies,UON Ladies,58',Goal,Nichole Joy,Strathmore University Ladies
PLW,2026,15.0,24-05-2026,Strathmore University Ladies,UON Ladies,59',Green Card,Noela Kimathi,UON Ladies
PLW,2026,7.0,23-05-2026,UON Ladies,Amira Sailors Hockey Club,29',Goal,Yvette Kanyadong,Amira Sailors Hockey Club
PLW,2026,7.0,23-05-2026,UON Ladies,Amira Sailors Hockey Club,51',Yellow card,Sanda Vadati,Amira Sailors Hockey Club
PLW,2026,,24-05-2026,USIU – A Ladies,JKUAT Ladies,21',Goal,Lynn Mwangi,USIU – A Ladies
PLW,2026,,24-05-2026,USIU – A Ladies,JKUAT Ladies,28',Goal,Grace Makoha,USIU – A Ladies
PLW,2026,,24-05-2026,USIU – A Ladies,JKUAT Ladies,51',Green Card,Valary Cheruto,JKUAT Ladies
PLW,2026,28.0,01-06-2026,USIU – A Ladies,UON Ladies,13',Goal,Lynn Mwangi,USIU – A Ladies
PLW,2026,28.0,01-06-2026,USIU – A Ladies,UON Ladies,19',Green Card,Harriet Omindi,USIU – A Ladies
PLW,2026,28.0,01-06-2026,USIU – A Ladies,UON Ladies,26',Yellow card,Naom Kemunto,USIU – A Ladies
PLW,2026,28.0,01-06-2026,USIU – A Ladies,UON Ladies,60',Yellow card,Harriet Omindi,USIU – A Ladies
PLW,2026,28.0,01-06-2026,USIU – A Ladies,UON Ladies,47',Green Card,Irene Senoi,USIU – A Ladies
PLW,2026,28.0,01-06-2026,USIU – A Ladies,UON Ladies,60+',Goal,Mitchell Akoth,UON Ladies
PLM,2026,41.0,07-06-2026,Daikyo Heroes,Greensharks,12',Goal,Lawrence Okongo,Daikyo Heroes
PLM,2026,41.0,07-06-2026,Daikyo Heroes,Greensharks,36',Goal,Daniel Solomon Obunyasi,Greensharks
PLM,2026,41.0,07-06-2026,Daikyo Heroes,Greensharks,16',Green Card,Bonny Ndombi,Daikyo Heroes
PLM,2026,41.0,07-06-2026,Daikyo Heroes,Greensharks,22',Yellow card,Daniel Solomon Obunyasi,Greensharks
PLM,2026,41.0,07-06-2026,Daikyo Heroes,Greensharks,45',Goal,Farhan Khan,Daikyo Heroes
PLM,2026,41.0,07-06-2026,Daikyo Heroes,Greensharks,46',Yellow card,Benon Papa,Greensharks
PLM,2026,41.0,07-06-2026,Daikyo Heroes,Greensharks,56',Goal,Esbon Ombui,Daikyo Heroes
PLM,2026,41.0,07-06-2026,Daikyo Heroes,Greensharks,55',Yellow card,Henry Otuoma,Daikyo Heroes
PLM,2026,20.0,30-05-2026,Greensharks,Kisumu Youngsters,10',Goal,Malack Masese,Kisumu Youngsters
PLM,2026,20.0,30-05-2026,Greensharks,Kisumu Youngsters,23',Green Card,Elvis Young Adala,Greensharks
PLM,2026,20.0,30-05-2026,Greensharks,Kisumu Youngsters,23',Green Card,Bravel Lumiti,Kisumu Youngsters
PLM,2026,20.0,30-05-2026,Greensharks,Kisumu Youngsters,36',Green Card,Gideon Koskei,Kisumu Youngsters
PLM,2026,20.0,30-05-2026,Greensharks,Kisumu Youngsters,38',Yellow card,Cyprian Mukhokho,Greensharks
PLM,2026,20.0,30-05-2026,Greensharks,Kisumu Youngsters,46',Yellow card,Willis Wanjala,Kisumu Youngsters
PLM,2026,5.0,23-05-2026,Greensharks,Parklands Sports Club,15',Green Card,Benon Papa,Greensharks
PLM,2026,5.0,23-05-2026,Greensharks,Parklands Sports Club,29',Goal,Erick Kidwaro,Parklands Sports Club
PLM,2026,5.0,23-05-2026,Greensharks,Parklands Sports Club,35',Green Card,Elvis Young Adala,Greensharks
PLM,2026,5.0,23-05-2026,Greensharks,Parklands Sports Club,38',Green Card,Teddy Schefer,Parklands Sports Club
PLM,2026,5.0,23-05-2026,Greensharks,Parklands Sports Club,48',Yellow card,Teddy Schefer,Parklands Sports Club
PLM,2026,5.0,23-05-2026,Greensharks,Parklands Sports Club,57',Goal,William Kirwa,Parklands Sports Club
PLM,2026,23.0,31-05-2026,Greensharks,Western Jaguars,15',Green Card,Xavier Buluma,Greensharks
PLM,2026,23.0,31-05-2026,Greensharks,Western Jaguars,41',Goal,Charles Otieno,Western Jaguars
PLM,2026,23.0,31-05-2026,Greensharks,Western Jaguars,41',Green Card,Benson Mawich,Greensharks
PLM,2026,23.0,31-05-2026,Greensharks,Western Jaguars,47',Goal,Emmanuel Wiswa,Western Jaguars
PLM,2026,23.0,31-05-2026,Greensharks,Western Jaguars,50',Goal,Sheldone Kimtai,Western Jaguars
PLM,2026,23.0,31-05-2026,Greensharks,Western Jaguars,56',Yellow card,Benson Mawich,Greensharks
PLM,2026,23.0,31-05-2026,Greensharks,Western Jaguars,59',Yellow card,Daniel Solomon Obunyasi,Greensharks
PLM,2026,29.0,06-06-2026,Kenya Police,Sikh Union Nairobi,22',Goal,Kit Garner,Sikh Union Nairobi
PLM,2026,29.0,06-06-2026,Kenya Police,Sikh Union Nairobi,30',Goal,Willis Okeyo,Kenya Police
PLM,2026,29.0,06-06-2026,Kenya Police,Sikh Union Nairobi,35',Goal,Robert Masibo,Kenya Police
PLM,2026,29.0,06-06-2026,Kenya Police,Sikh Union Nairobi,39',Goal,Kabir Bhamra,Sikh Union Nairobi
PLM,2026,29.0,06-06-2026,Kenya Police,Sikh Union Nairobi,60',Goal,Mathias Gularire,Sikh Union Nairobi
PLM,2026,6.0,23-05-2026,Kenya Police,USIU – A,2',Goal,Wayne Kipkorir Chongwony,USIU – A
PLM,2026,6.0,23-05-2026,Kenya Police,USIU – A,6',Goal,Robert Masibo,Kenya Police
PLM,2026,6.0,23-05-2026,Kenya Police,USIU – A,36',Goal,Robert Masibo,Kenya Police
PLM,2026,6.0,23-05-2026,Kenya Police,USIU – A,48',Goal,Danstone Wabwire,USIU – A
PLM,2026,37.0,06-06-2026,Kisumu Youngsters,Parklands Sports Club,1',Goal,Eudgas Lirhu,Parklands Sports Club
PLM,2026,37.0,06-06-2026,Kisumu Youngsters,Parklands Sports Club,20',Goal,Kennedy Wanyonyi,Parklands Sports Club
PLM,2026,37.0,06-06-2026,Kisumu Youngsters,Parklands Sports Club,27',Goal,Duncan Kachisa,Kisumu Youngsters
PLM,2026,37.0,06-06-2026,Kisumu Youngsters,Parklands Sports Club,12',Green Card,Brian Oyato,Parklands Sports Club
PLM,2026,37.0,06-06-2026,Kisumu Youngsters,Parklands Sports Club,41',Green Card,Asher Ochieng,Kisumu Youngsters
PLM,2026,37.0,06-06-2026,Kisumu Youngsters,Parklands Sports Club,60',Yellow card,Willis Wanjala,Kisumu Youngsters
PLM,2026,46.0,07-06-2026,Kisumu Youngsters,USIU – A,14',Yellow card,Kevin Shikanga,Kisumu Youngsters
PLM,2026,46.0,07-06-2026,Kisumu Youngsters,USIU – A,19',Goal,Malack Masese,Kisumu Youngsters
PLM,2026,46.0,07-06-2026,Kisumu Youngsters,USIU – A,42',Green Card,David Omindo,Kisumu Youngsters
PLM,2026,46.0,07-06-2026,Kisumu Youngsters,USIU – A,50',Green Card,Duncan Kachisa,Kisumu Youngsters
PLM,2026,46.0,07-06-2026,Kisumu Youngsters,USIU – A,57',Goal,Malack Masese,Kisumu Youngsters
PLM,2026,46.0,07-06-2026,Kisumu Youngsters,USIU – A,58',Green Card,Samson Sananka Ratia,USIU – A
PLM,2026,19.0,30-05-2026,Parklands Sports Club,Daikyo Heroes,6',Green Card,Moses Omamu,Parklands Sports Club
PLM,2026,19.0,30-05-2026,Parklands Sports Club,Daikyo Heroes,13',Goal,Eudgas Lirhu,Parklands Sports Club
PLM,2026,19.0,30-05-2026,Parklands Sports Club,Daikyo Heroes,15',Green Card,Aredha Mandela,Parklands Sports Club
PLM,2026,19.0,30-05-2026,Parklands Sports Club,Daikyo Heroes,20',Goal,Bonny Ndombi,Daikyo Heroes
PLM,2026,19.0,30-05-2026,Parklands Sports Club,Daikyo Heroes,21',Yellow card,Daniel Matara,Parklands Sports Club
PLM,2026,19.0,30-05-2026,Parklands Sports Club,Daikyo Heroes,38',Green Card,Wycliffe Wanyonyi,Parklands Sports Club
PLM,2026,19.0,30-05-2026,Parklands Sports Club,Daikyo Heroes,41',Goal,Joseph Kasua,Daikyo Heroes
PLM,2026,19.0,30-05-2026,Parklands Sports Club,Daikyo Heroes,46',Yellow card,Daniel Matara,Parklands Sports Club
PLM,2026,19.0,30-05-2026,Parklands Sports Club,Daikyo Heroes,52',Green Card,Martin Omondi,Parklands Sports Club
PLM,2026,19.0,30-05-2026,Parklands Sports Club,Daikyo Heroes,53',Goal,Khizar Akhtar,Daikyo Heroes
PLM,2026,19.0,30-05-2026,Parklands Sports Club,Daikyo Heroes,54',Yellow card,Lawrence Okongo,Daikyo Heroes
PLM,2026,24.0,31-05-2026,Parklands Sports Club,Kenya Police,9',Goal,William Kirwa,Parklands Sports Club
PLM,2026,24.0,31-05-2026,Parklands Sports Club,Kenya Police,45',Goal,Brian Saina,Kenya Police
PLM,2026,24.0,31-05-2026,Parklands Sports Club,Kenya Police,46',Goal,Moses Omamu,Parklands Sports Club
PLM,2026,24.0,31-05-2026,Parklands Sports Club,Kenya Police,60',Goal,Kennedy Sibweche,Kenya Police
PLM,2026,49.0,13-06-2026,Parklands Sports Club,Warriors,2',Goal,George Mutira,Warriors
PLM,2026,49.0,13-06-2026,Parklands Sports Club,Warriors,13',Goal,Festus Onyango,Warriors
PLM,2026,49.0,13-06-2026,Parklands Sports Club,Warriors,43',Goal,Edson Ndombi,Warriors
PLM,2026,49.0,13-06-2026,Parklands Sports Club,Warriors,51',Goal,Calvins Kanu Omondi,Warriors
PLM,2026,49.0,13-06-2026,Parklands Sports Club,Warriors,55',Goal,Valentine Keya,Parklands Sports Club
PLM,2026,49.0,13-06-2026,Parklands Sports Club,Warriors,27',Green Card,Calvins Kanu Omondi,Warriors
PLM,2026,49.0,13-06-2026,Parklands Sports Club,Warriors,43',Green Card,William Kirwa,Parklands Sports Club
PLM,2026,49.0,13-06-2026,Parklands Sports Club,Warriors,49',Green Card,George Mutira,Warriors
PLM,2026,49.0,13-06-2026,Parklands Sports Club,Warriors,53',Green Card,Allan Iningu,Warriors
PLM,2026,21.0,31-05-2026,Sikh Union Nairobi,Daikyo Heroes,10',Goal,Esbon Ombui,Daikyo Heroes
PLM,2026,21.0,31-05-2026,Sikh Union Nairobi,Daikyo Heroes,12',Goal,Farhan Khan,Daikyo Heroes
PLM,2026,21.0,31-05-2026,Sikh Union Nairobi,Daikyo Heroes,21',Goal,Cliff Omari,Sikh Union Nairobi
PLM,2026,21.0,31-05-2026,Sikh Union Nairobi,Daikyo Heroes,25',Goal,Mathias Gularire,Sikh Union Nairobi
PLM,2026,21.0,31-05-2026,Sikh Union Nairobi,Daikyo Heroes,28',Goal,Cliff Omari,Sikh Union Nairobi
PLM,2026,21.0,31-05-2026,Sikh Union Nairobi,Daikyo Heroes,42',Goal,Mathias Gularire,Sikh Union Nairobi
PLM,2026,21.0,31-05-2026,Sikh Union Nairobi,Daikyo Heroes,45',Goal,Fofana Mohammed,Sikh Union Nairobi
PLM,2026,21.0,31-05-2026,Sikh Union Nairobi,Daikyo Heroes,48',Green Card,Obare Joseph Otora,Sikh Union Nairobi
PLM,2026,21.0,31-05-2026,Sikh Union Nairobi,Daikyo Heroes,39',Yellow card,Arjun Uupta,Sikh Union Nairobi
PLM,2026,21.0,31-05-2026,Sikh Union Nairobi,Daikyo Heroes,48',Goal,Bonny Ndombi,Daikyo Heroes
PLM,2026,21.0,31-05-2026,Sikh Union Nairobi,Daikyo Heroes,49',Green Card,Kim Webi,Sikh Union Nairobi
PLM,2026,21.0,31-05-2026,Sikh Union Nairobi,Daikyo Heroes,49',Yellow card,Bonny Ndombi,Daikyo Heroes
PLM,2026,21.0,31-05-2026,Sikh Union Nairobi,Daikyo Heroes,51',Green Card,Esbon Ombui,Daikyo Heroes
PLM,2026,21.0,31-05-2026,Sikh Union Nairobi,Daikyo Heroes,52',Goal,Mathias Gularire,Sikh Union Nairobi
PLM,2026,21.0,31-05-2026,Sikh Union Nairobi,Daikyo Heroes,55',Yellow card,Khizar Akhtar,Daikyo Heroes
PLM,2026,13.0,24-05-2026,Sikh Union Nairobi,Greensharks,8',Green Card,Kennedy Juma,Greensharks
PLM,2026,13.0,24-05-2026,Sikh Union Nairobi,Greensharks,30',Goal,Cliff Omari,Sikh Union Nairobi
PLM,2026,13.0,24-05-2026,Sikh Union Nairobi,Greensharks,35',Green Card,Mathias Gularire,Sikh Union Nairobi
PLM,2026,13.0,24-05-2026,Sikh Union Nairobi,Greensharks,35',Yellow card,Mathias Gularire,Sikh Union Nairobi
PLM,2026,13.0,24-05-2026,Sikh Union Nairobi,Greensharks,36',Yellow card,Samuel Namonyo,Greensharks
PLM,2026,13.0,24-05-2026,Sikh Union Nairobi,Greensharks,45',Green Card,Ian Oyale,Greensharks
PLM,2026,13.0,24-05-2026,Sikh Union Nairobi,Greensharks,55',Yellow card,Cyprian Mukhokho,Greensharks
PLM,2026,18.0,30-05-2026,USIU – A,Sikh Union Nairobi,10',Goal,Mathias Gularire,Sikh Union Nairobi
PLM,2026,18.0,30-05-2026,USIU – A,Sikh Union Nairobi,18',Goal,Robinson Omutekete,USIU – A
PLM,2026,18.0,30-05-2026,USIU – A,Sikh Union Nairobi,23',Goal,Kabir Bhamra,Sikh Union Nairobi
PLM,2026,18.0,30-05-2026,USIU – A,Sikh Union Nairobi,35',Goal,Mathias Gularire,Sikh Union Nairobi
PLM,2026,18.0,30-05-2026,USIU – A,Sikh Union Nairobi,44',Yellow card,Arnold Abedie,Sikh Union Nairobi
PLM,2026,18.0,30-05-2026,USIU – A,Sikh Union Nairobi,45',Goal,Borris Lukurito,USIU – A
PLM,2026,18.0,30-05-2026,USIU – A,Sikh Union Nairobi,50',Green Card,Arjun Uupta,Sikh Union Nairobi
PLM,2026,11.0,24-05-2026,USIU – A,Wazalendo,7',Goal,Isaac Nandukele,Wazalendo
PLM,2026,11.0,24-05-2026,USIU – A,Wazalendo,27',Green Card,Griffin Bosire,Wazalendo
PLM,2026,11.0,24-05-2026,USIU – A,Wazalendo,36',Green Card,Michael Mboya,Wazalendo
PLM,2026,11.0,24-05-2026,USIU – A,Wazalendo,40',Green Card,Michael Mboya,Wazalendo
PLM,2026,11.0,24-05-2026,USIU – A,Wazalendo,57',Yellow card,Wayne Kipkorir Chongwony,USIU – A
PLM,2026,11.0,24-05-2026,USIU – A,Wazalendo,59',Yellow card,Griffin Bosire,Wazalendo
PLM,2026,11.0,24-05-2026,USIU – A,Wazalendo,48',Green Card,Robinson Omutekete,USIU – A
PLM,2026,11.0,24-05-2026,USIU – A,Wazalendo,42',Yellow card,Hillary Odhiambo,USIU – A
PLM,2026,16.0,24-05-2026,Warriors,Kenya Police,13',Goal,Calvins Kanu Omondi,Warriors
PLM,2026,16.0,24-05-2026,Warriors,Kenya Police,25',Green Card,Calvins Kanu Omondi,Warriors
PLM,2026,16.0,24-05-2026,Warriors,Kenya Police,37',Goal,Robert Masibo,Kenya Police
PLM,2026,25.0,31-05-2026,Warriors,USIU – A,15',Goal,Lawrence Makhatsa,USIU – A
PLM,2026,25.0,31-05-2026,Warriors,USIU – A,36',Green Card,Ian Mwaliki,USIU – A
PLM,2026,25.0,31-05-2026,Warriors,USIU – A,38',Goal,Francis Kariuki,Warriors
PLM,2026,25.0,31-05-2026,Warriors,USIU – A,40',Green Card,Frankline Wakhongo,Warriors
PLM,2026,25.0,31-05-2026,Warriors,USIU – A,44',Goal,Paul Omariba,Warriors
PLM,2026,25.0,31-05-2026,Warriors,USIU – A,44',Red Card,JohnMark Odera,Warriors
PLM,2026,8.0,23-05-2026,Warriors,Wazalendo,15',Goal,Job Wandera,Wazalendo
PLM,2026,8.0,23-05-2026,Warriors,Wazalendo,27',Goal,Michael Mboya,Wazalendo
PLM,2026,8.0,23-05-2026,Warriors,Wazalendo,34',Goal,Festus Onyango,Warriors
PLM,2026,8.0,23-05-2026,Warriors,Wazalendo,39',Green Card,Moses Ademba,Warriors
PLM,2026,8.0,23-05-2026,Warriors,Wazalendo,41',Goal,Mathew Momanyi,Wazalendo
PLM,2026,8.0,23-05-2026,Warriors,Wazalendo,42',Green Card,Isaac Nandukele,Wazalendo
PLM,2026,8.0,23-05-2026,Warriors,Wazalendo,43',Goal,Calvins Kanu Omondi,Warriors
PLM,2026,8.0,23-05-2026,Warriors,Wazalendo,53',Green Card,Calvins Kanu Omondi,Warriors
PLM,2026,8.0,23-05-2026,Warriors,Wazalendo,60',Goal,Frankline Wakhongo,Warriors
PLM,2026,8.0,23-05-2026,Warriors,Wazalendo,60',Yellow card,Griffin Bosire,Wazalendo
PLM,2026,22.0,31-05-2026,Wazalendo,Kisumu Youngsters,09',Goal,Austin Mutua,Wazalendo
PLM,2026,22.0,31-05-2026,Wazalendo,Kisumu Youngsters,39',Goal,Malack Masese,Kisumu Youngsters
PLM,2026,22.0,31-05-2026,Wazalendo,Kisumu Youngsters,43',Green Card,Malack Masese,Kisumu Youngsters
PLM,2026,22.0,31-05-2026,Wazalendo,Kisumu Youngsters,45',Green Card,Duncan Opanda,Kisumu Youngsters
PLM,2026,22.0,31-05-2026,Wazalendo,Kisumu Youngsters,48',Goal,Job Wandera,Wazalendo
PLM,2026,22.0,31-05-2026,Wazalendo,Kisumu Youngsters,51',Goal,Mathew Momanyi,Wazalendo
PLM,2026,17.0,30-05-2026,Wazalendo,Western Jaguars,2',Goal,Michael Mboya,Wazalendo
PLM,2026,17.0,30-05-2026,Wazalendo,Western Jaguars,13',Goal,Godfrey Fedha,Western Jaguars
PLM,2026,17.0,30-05-2026,Wazalendo,Western Jaguars,18',Green Card,Willis Malesi,Western Jaguars
PLM,2026,17.0,30-05-2026,Wazalendo,Western Jaguars,20',Green Card,Michael Mboya,Wazalendo
PLM,2026,17.0,30-05-2026,Wazalendo,Western Jaguars,29',Goal,Job Wandera,Wazalendo
PLM,2026,17.0,30-05-2026,Wazalendo,Western Jaguars,40',Goal,Bethuel Masambu,Western Jaguars
PLM,2026,17.0,30-05-2026,Wazalendo,Western Jaguars,42',Yellow card,Ivan Ludiali,Western Jaguars
PLM,2026,17.0,30-05-2026,Wazalendo,Western Jaguars,42',Yellow card,Basil Ongocho,Wazalendo
PLM,2026,17.0,30-05-2026,Wazalendo,Western Jaguars,47',Goal,Job Wandera,Wazalendo
PLM,2026,17.0,30-05-2026,Wazalendo,Western Jaguars,49',Green Card,Job Wandera,Wazalendo
PLM,2026,17.0,30-05-2026,Wazalendo,Western Jaguars,55',Yellow card,Allan Munene,Wazalendo
PLM,2026,17.0,30-05-2026,Wazalendo,Western Jaguars,59',Yellow card,Brian Anzeze,Western Jaguars
PLM,2026,4.0,23-05-2026,Western Jaguars,Kisumu Youngsters,10',Goal,Ketane Okoth,Kisumu Youngsters
PLM,2026,4.0,23-05-2026,Western Jaguars,Kisumu Youngsters,18',Green Card,Moses Ooga,Kisumu Youngsters
PLM,2026,4.0,23-05-2026,Western Jaguars,Kisumu Youngsters,21',Goal,Ivan Ludiali,Western Jaguars
PLM,2026,4.0,23-05-2026,Western Jaguars,Kisumu Youngsters,55',Goal,Godfrey Fedha,Western Jaguars
PLM,2026,4.0,23-05-2026,Western Jaguars,Kisumu Youngsters,15',Green Card,Duncan Kachisa,Kisumu Youngsters
PLM,2026,4.0,23-05-2026,Western Jaguars,Kisumu Youngsters,40',Yellow card,Asher Ochieng,Kisumu Youngsters
PLM,2026,4.0,23-05-2026,Western Jaguars,Kisumu Youngsters,59',Yellow card,Malack Masese,Kisumu Youngsters
PLM,2026,4.0,23-05-2026,Western Jaguars,Kisumu Youngsters,56',Yellow card,Willis Wanjala,Kisumu Youngsters
PLM,2026,4.0,23-05-2026,Western Jaguars,Kisumu Youngsters,60',Yellow card,Emmanuel Wiswa,Western Jaguars
PLM,2026,45.0,07-06-2026,Western Jaguars,Parklands Sports Club,15',Green Card,Moses Omamu,Parklands Sports Club
PLM,2026,45.0,07-06-2026,Western Jaguars,Parklands Sports Club,20',Green Card,Willis Malesi,Western Jaguars
PLM,2026,45.0,07-06-2026,Western Jaguars,Parklands Sports Club,37',Green Card,Charles Otieno,Western Jaguars
PLM,2026,45.0,07-06-2026,Western Jaguars,Parklands Sports Club,40',Goal,Eudgas Lirhu,Parklands Sports Club
PLM,2026,45.0,07-06-2026,Western Jaguars,Parklands Sports Club,43',Green Card,Daniel Matara,Parklands Sports Club
PLM,2026,45.0,07-06-2026,Western Jaguars,Parklands Sports Club,43',Yellow card,Kennedy Wanyonyi,Parklands Sports Club
PLM,2026,45.0,07-06-2026,Western Jaguars,Parklands Sports Club,46',Yellow card,Wycliffe Wanyonyi,Parklands Sports Club
PLM,2026,45.0,07-06-2026,Western Jaguars,Parklands Sports Club,47',Yellow card,Moses Omamu,Parklands Sports Club
PLM,2026,36.0,06-06-2026,Western Jaguars,USIU – A,5',Goal,Lawrence Makhatsa,USIU – A
PLM,2026,36.0,06-06-2026,Western Jaguars,USIU – A,10',Goal,Danstone Wabwire,USIU – A
PLM,2026,36.0,06-06-2026,Western Jaguars,USIU – A,33',Goal,Emmanuel Wiswa,Western Jaguars
PLM,2026,36.0,06-06-2026,Western Jaguars,USIU – A,25',Yellow card,Samuel Silong Kamaru,USIU – A
PLM,2026,36.0,06-06-2026,Western Jaguars,USIU – A,48',Goal,Sheldone Kimtai,Western Jaguars
PLM,2026,36.0,06-06-2026,Western Jaguars,USIU – A,50',Goal,Sheldone Kimtai,Western Jaguars
PLM,2026,36.0,06-06-2026,Western Jaguars,USIU – A,43',Goal,Alex Taiswa,Western Jaguars
PLM,2026,36.0,06-06-2026,Western Jaguars,USIU – A,40',Yellow card,Willis Malesi,Western Jaguars
PLM,2026,36.0,06-06-2026,Western Jaguars,USIU – A,50',Green Card,Daniel Omondi,Western Jaguars
