Competition,Season,MatchNo,Date,Time,HomeTeam,AwayTeam,HomeGoals,AwayGoals,URL
PLW,2026,14.0,24-05-2026,14:00,Amira Sailors Hockey Club,Blazers Hockey Club,0,3,https://www.kenyahockeyunion.org/joomsport_match/premier-league-women-plw-2026-amira-sailors-hockey-club-vs-blazers-hockey-club/
PLW,2026,,01-06-2026,15:00,Amira Sailors Hockey Club,Sliders Hockey Club,0,0,https://www.kenyahockeyunion.org/joomsport_match/premier-league-women-plw-2026-amira-sailors-hockey-club-vs-sliders-hockey-club/
PLW,2026,1.0,23-05-2026,12:00,Blazers Hockey Club,Kenyatta University Ladies,2,0,https://www.kenyahockeyunion.org/joomsport_match/premier-league-women-plw-2026-blazers-hockey-club-vs-kenyatta-university-ladies/
PLW,2026,,04-07-2026,15:00,Blazers Hockey Club,Kisumu Queens,1,0,https://www.kenyahockeyunion.org/joomsport_match/premier-league-women-plw-2026-blazers-hockey-club-vs-kisumu-queens/
PLW,2026,40.0,06-06-2026,15:00,Blazers Hockey Club,Sliders Hockey Club,3,0,https://www.kenyahockeyunion.org/joomsport_match/premier-league-women-plw-2026-blazers-hockey-club-vs-sliders-hockey-club/
PLW,2026,10.0,24-05-2026,12:00,Kenyatta University Ladies,Sliders Hockey Club,1,1,https://www.kenyahockeyunion.org/joomsport_match/premier-league-women-plw-2026-kenyatta-university-ladies-vs-sliders-hockey-club/
PLW,2026,,27-06-2026,13:00,Kisumu Queens,Amira Sailors Hockey Club,0,0,https://www.kenyahockeyunion.org/joomsport_match/premier-league-women-plw-2026-kisumu-queens-vs-amira-sailors-hockey-club/
PLW,2026,42.0,07-06-2026,09:00,Kisumu Queens,Strathmore University Ladies,2,2,https://www.kenyahockeyunion.org/joomsport_match/premier-league-women-plw-2026-kisumu-queens-vs-strathmore-university-ladies/
PLW,2026,34.0,06-06-2026,12:00,Kisumu Queens,USIU – A Ladies,0,0,https://www.kenyahockeyunion.org/joomsport_match/premier-league-women-plw-2026-kisumu-queens-vs-usiu-a-ladies/
PLW,2026,,28-06-2026,09:00,Lakers Hockey Club,Amira Sailors Hockey Club,2,1,https://www.kenyahockeyunion.org/joomsport_match/premier-league-women-plw-2026-lakers-hockey-club-vs-amira-sailors-hockey-club/
PLW,2026,12.0,24-05-2026,13:00,Lakers Hockey Club,Kisumu Queens,0,0,https://www.kenyahockeyunion.org/joomsport_match/premier-league-women-plw-2026-lakers-hockey-club-vs-kisumu-queens/
PLW,2026,33.0,06-06-2026,12:00,Lakers Hockey Club,Strathmore University Ladies,1,1,https://www.kenyahockeyunion.org/joomsport_match/premier-league-women-plw-2026-lakers-hockey-club-vs-strathmore-university-ladies/
PLW,2026,43.0,07-06-2026,09:00,Lakers Hockey Club,USIU – A Ladies,0,1,https://www.kenyahockeyunion.org/joomsport_match/premier-league-women-plw-2026-lakers-hockey-club-vs-usiu-a-ladies/
PLW,2026,,21-06-2026,09:00,Sliders Hockey Club,Lakers Hockey Club,0,6,https://www.kenyahockeyunion.org/joomsport_match/premier-league-women-plw-2026-sliders-hockey-club-vs-lakers-hockey-club/
PLW,2026,,28-06-2026,09:00,Sliders Hockey Club,UON Ladies,1,0,https://www.kenyahockeyunion.org/joomsport_match/premier-league-women-plw-2026-sliders-hockey-club-vs-uon-ladies/
PLW,2026,,20-06-2026,12:00,Sliders Hockey Club,USIU – A Ladies,0,2,https://www.kenyahockeyunion.org/joomsport_match/premier-league-women-plw-2026-sliders-hockey-club-vs-usiu-a-ladies/
PLW,2026,,20-06-2026,12:00,Strathmore University Ladies,Amira Sailors Hockey Club,0,0,https://www.kenyahockeyunion.org/joomsport_match/premier-league-women-plw-2026-strathmore-university-ladies-vs-amira-sailors-hockey-club/
PLW,2026,,01-06-2026,12:00,Strathmore University Ladies,Blazers Hockey Club,1,3,https://www.kenyahockeyunion.org/joomsport_match/premier-league-women-plw-2026-strathmore-university-ladies-vs-blazers-hockey-club/
PLW,2026,,27-06-2026,12:00,Strathmore University Ladies,Sliders Hockey Club,1,0,https://www.kenyahockeyunion.org/joomsport_match/premier-league-women-plw-2026-strathmore-university-ladies-vs-sliders-hockey-club/
PLW,2026,15.0,24-05-2026,14:00,Strathmore University Ladies,UON Ladies,1,2,https://www.kenyahockeyunion.org/joomsport_match/premier-league-women-plw-2026-strathmore-university-ladies-vs-uon-ladies/
PLW,2026,2.0,23-05-2026,12:00,Strathmore University Ladies,USIU – A Ladies,0,0,https://www.kenyahockeyunion.org/joomsport_match/premier-league-women-plw-2026-strathmore-university-ladies-vs-usiu-a-ladies/
PLW,2026,7.0,23-05-2026,15:00,UON Ladies,Amira Sailors Hockey Club,0,1,https://www.kenyahockeyunion.org/joomsport_match/premier-league-women-plw-2026-uon-ladies-vs-amira-sailors-hockey-club/
PLW,2026,47.0,07-06-2026,12:00,UON Ladies,Blazers Hockey Club,0,0,https://www.kenyahockeyunion.org/joomsport_match/premier-league-women-plw-2026-uon-ladies-vs-blazers-hockey-club/
PLW,2026,,20-06-2026,14:00,UON Ladies,Lakers Hockey Club,1,2,https://www.kenyahockeyunion.org/joomsport_match/premier-league-women-plw-2026-uon-ladies-vs-lakers-hockey-club/
PLW,2026,,04-07-2026,13:00,USIU – A Ladies,Amira Sailors Hockey Club,0,1,https://www.kenyahockeyunion.org/joomsport_match/premier-league-women-plw-2026-usiu-a-ladies-vs-amira-sailors-hockey-club/
PLW,2026,,21-06-2026,13:00,USIU – A Ladies,Blazers Hockey Club,2,2,https://www.kenyahockeyunion.org/joomsport_match/premier-league-women-plw-2026-usiu-a-ladies-vs-blazers-hockey-club/
PLW,2026,,24-05-2026,10:00,USIU – A Ladies,JKUAT Ladies,2,0,https://www.kenyahockeyunion.org/joomsport_match/premier-league-women-plw-2026-usiu-a-ladies-vs-jkuat-ladies/
PLW,2026,28.0,01-06-2026,11:00,USIU – A Ladies,UON Ladies,1,1,https://www.kenyahockeyunion.org/joomsport_match/premier-league-women-plw-2026-usiu-a-ladies-vs-uon-ladies/
PLM,2026,41.0,07-06-2026,09:00,Daikyo Heroes,Greensharks,3,1,https://www.kenyahockeyunion.org/joomsport_match/premier-league-men-plm-2026-daikyo-heroes-vs-greensharks/
PLM,2026,,20-06-2026,15:30,Daikyo Heroes,Kenya Police,3,1,https://www.kenyahockeyunion.org/joomsport_match/premier-league-men-plm-2026-daikyo-heroes-vs-kenya-police/
PLM,2026,,21-06-2026,13:00,Daikyo Heroes,Wazalendo,3,2,https://www.kenyahockeyunion.org/joomsport_match/premier-league-men-plm-2026-daikyo-heroes-vs-wazalendo/
PLM,2026,20.0,30-05-2026,16:00,Greensharks,Kisumu Youngsters,0,1,https://www.kenyahockeyunion.org/joomsport_match/premier-league-men-plm-2026-greensharks-vs-kisumu-youngsters/
PLM,2026,5.0,23-05-2026,14:00,Greensharks,Parklands Sports Club,0,2,https://www.kenyahockeyunion.org/joomsport_match/premier-league-men-plm-2026-greensharks-vs-parklands-sports-club/
PLM,2026,,05-07-2026,16:00,Greensharks,USIU – A,0,2,https://www.kenyahockeyunion.org/joomsport_match/premier-league-men-plm-2026-greensharks-vs-usiu-a/
PLM,2026,,04-07-2026,13:00,Greensharks,Wazalendo,1,2,https://www.kenyahockeyunion.org/joomsport_match/premier-league-men-plm-2026-greensharks-vs-wazalendo/
PLM,2026,23.0,31-05-2026,11:00,Greensharks,Western Jaguars,0,3,https://www.kenyahockeyunion.org/joomsport_match/premier-league-men-plm-2026-greensharks-vs-western-jaguars/
PLM,2026,,27-06-2026,13:00,Kenya Police,Greensharks,1,0,https://www.kenyahockeyunion.org/joomsport_match/premier-league-men-plm-2026-kenya-police-vs-greensharks/
PLM,2026,53.0,14-06-2026,10:00,Kenya Police,Kisumu Youngsters,3,3,https://www.kenyahockeyunion.org/joomsport_match/premier-league-men-plm-2026-kenya-police-vs-kisumu-youngsters/
PLM,2026,29.0,06-06-2026,15:00,Kenya Police,Sikh Union Nairobi,2,3,https://www.kenyahockeyunion.org/joomsport_match/premier-league-men-plm-2026-kenya-police-vs-sikh-union-nairobi/
PLM,2026,6.0,23-05-2026,14:00,Kenya Police,USIU – A,2,2,https://www.kenyahockeyunion.org/joomsport_match/premier-league-men-plm-2026-kenya-police-vs-usiu-a/
PLM,2026,,28-06-2026,13:00,Kenya Police,Wazalendo,2,1,https://www.kenyahockeyunion.org/joomsport_match/premier-league-men-plm-2026-kenya-police-vs-wazalendo/
PLM,2026,50.0,13-06-2026,14:00,Kenya Police,Western Jaguars,0,0,https://www.kenyahockeyunion.org/joomsport_match/premier-league-men-plm-2026-kenya-police-vs-western-jaguars/
PLM,2026,51.0,13-06-2026,15:00,Kisumu Youngsters,Daikyo Heroes,0,1,https://www.kenyahockeyunion.org/joomsport_match/premier-league-men-plm-2026-kisumu-youngsters-vs-daikyo-heroes/
PLM,2026,37.0,06-06-2026,14:00,Kisumu Youngsters,Parklands Sports Club,1,2,https://www.kenyahockeyunion.org/joomsport_match/premier-league-men-plm-2026-kisumu-youngsters-vs-parklands-sports-club/
PLM,2026,,20-06-2026,13:00,Kisumu Youngsters,Sikh Union Nairobi,1,1,https://www.kenyahockeyunion.org/joomsport_match/premier-league-men-plm-2026-kisumu-youngsters-vs-sikh-union-nairobi/
PLM,2026,46.0,07-06-2026,11:00,Kisumu Youngsters,USIU – A,2,0,https://www.kenyahockeyunion.org/joomsport_match/premier-league-men-plm-2026-kisumu-youngsters-vs-usiu-a/
PLM,2026,,21-06-2026,09:00,Kisumu Youngsters,Warriors,1,0,https://www.kenyahockeyunion.org/joomsport_match/premier-league-men-plm-2026-kisumu-youngsters-vs-warriors/
PLM,2026,19.0,30-05-2026,14:00,Parklands Sports Club,Daikyo Heroes,1,3,https://www.kenyahockeyunion.org/joomsport_match/premier-league-men-plm-2026-parklands-sports-club-vs-daikyo-heroes/
PLM,2026,24.0,31-05-2026,13:00,Parklands Sports Club,Kenya Police,2,2,https://www.kenyahockeyunion.org/joomsport_match/premier-league-men-plm-2026-parklands-sports-club-vs-kenya-police/
PLM,2026,49.0,13-06-2026,13:00,Parklands Sports Club,Warriors,1,4,https://www.kenyahockeyunion.org/joomsport_match/premier-league-men-plm-2026-parklands-sports-club-vs-warriors/
PLM,2026,21.0,31-05-2026,09:00,Sikh Union Nairobi,Daikyo Heroes,6,3,https://www.kenyahockeyunion.org/joomsport_match/premier-league-men-plm-2026-sikh-union-nairobi-vs-daikyo-heroes/
PLM,2026,13.0,24-05-2026,13:00,Sikh Union Nairobi,Greensharks,1,0,https://www.kenyahockeyunion.org/joomsport_match/premier-league-men-plm-2026-sikh-union-nairobi-vs-greensharks/
PLM,2026,,27-06-2026,15:00,Sikh Union Nairobi,Parklands Sports Club,3,1,https://www.kenyahockeyunion.org/joomsport_match/premier-league-men-plm-2026-sikh-union-nairobi-vs-parklands-sports-club/
PLM,2026,54.0,14-06-2026,11:00,Sikh Union Nairobi,Warriors,1,2,https://www.kenyahockeyunion.org/joomsport_match/premier-league-men-plm-2026-sikh-union-nairobi-vs-warriors/
PLM,2026,,04-07-2026,15:00,USIU – A,Daikyo Heroes,1,0,https://www.kenyahockeyunion.org/joomsport_match/premier-league-men-plm-2026-usiu-a-vs-daikyo-heroes/
PLM,2026,31.0,14-06-2026,13:00,USIU – A,Parklands Sports Club,2,1,https://www.kenyahockeyunion.org/joomsport_match/premier-league-men-plm-2026-usiu-a-vs-parklands-sports-club/
PLM,2026,18.0,30-05-2026,14:00,USIU – A,Sikh Union Nairobi,2,3,https://www.kenyahockeyunion.org/joomsport_match/premier-league-men-plm-2026-usiu-a-vs-sikh-union-nairobi/
PLM,2026,11.0,24-05-2026,12:00,USIU – A,Wazalendo,0,1,https://www.kenyahockeyunion.org/joomsport_match/premier-league-men-plm-2026-usiu-a-vs-wazalendo/
PLM,2026,,05-07-2026,11:00,Warriors,Daikyo Heroes,4,0,https://www.kenyahockeyunion.org/joomsport_match/premier-league-men-plm-2026-warriors-vs-daikyo-heroes/
PLM,2026,,28-06-2026,15:00,Warriors,Greensharks,3,2,https://www.kenyahockeyunion.org/joomsport_match/premier-league-men-plm-2026-warriors-vs-greensharks/
PLM,2026,16.0,24-05-2026,15:00,Warriors,Kenya Police,1,1,https://www.kenyahockeyunion.org/joomsport_match/premier-league-men-plm-2026-warriors-vs-kenya-police/
PLM,2026,25.0,31-05-2026,15:00,Warriors,USIU – A,2,1,https://www.kenyahockeyunion.org/joomsport_match/premier-league-men-plm-2026-warriors-vs-usiu-a/
PLM,2026,8.0,23-05-2026,16:00,Warriors,Wazalendo,3,3,https://www.kenyahockeyunion.org/joomsport_match/premier-league-men-plm-2026-warriors-vs-wazalendo/
PLM,2026,22.0,31-05-2026,10:00,Wazalendo,Kisumu Youngsters,3,1,https://www.kenyahockeyunion.org/joomsport_match/premier-league-men-plm-2026-wazalendo-vs-kisumu-youngsters/
PLM,2026,,05-07-2026,15:00,Wazalendo,Parklands Sports Club,1,2,https://www.kenyahockeyunion.org/joomsport_match/premier-league-men-plm-2026-wazalendo-vs-parklands-sports-club/
PLM,2026,48.0,13-06-2026,13:00,Wazalendo,Sikh Union Nairobi,1,1,https://www.kenyahockeyunion.org/joomsport_match/premier-league-men-plm-2026-wazalendo-vs-sikh-union-nairobi/
PLM,2026,17.0,30-05-2026,14:00,Wazalendo,Western Jaguars,3,2,https://www.kenyahockeyunion.org/joomsport_match/premier-league-men-plm-2026-wazalendo-vs-western-jaguars/
PLM,2026,52.0,14-06-2026,09:00,Western Jaguars,Daikyo Heroes,3,1,https://www.kenyahockeyunion.org/joomsport_match/premier-league-men-plm-2026-western-jaguars-vs-daikyo-heroes/
PLM,2026,4.0,23-05-2026,13:00,Western Jaguars,Kisumu Youngsters,2,1,https://www.kenyahockeyunion.org/joomsport_match/premier-league-men-plm-2026-western-jaguars-vs-kisumu-youngsters/
PLM,2026,45.0,07-06-2026,10:00,Western Jaguars,Parklands Sports Club,0,1,https://www.kenyahockeyunion.org/joomsport_match/premier-league-men-plm-2026-western-jaguars-vs-parklands-sports-club/
PLM,2026,,21-06-2026,10:00,Western Jaguars,Sikh Union Nairobi,3,1,https://www.kenyahockeyunion.org/joomsport_match/premier-league-men-plm-2026-western-jaguars-vs-sikh-union-nairobi/
PLM,2026,36.0,06-06-2026,13:00,Western Jaguars,USIU – A,4,2,https://www.kenyahockeyunion.org/joomsport_match/premier-league-men-plm-2026-western-jaguars-vs-usiu-a/
PLM,2026,,20-06-2026,13:00,Western Jaguars,Warriors,3,3,https://www.kenyahockeyunion.org/joomsport_match/premier-league-men-plm-2026-western-jaguars-vs-warriors/
SLM,2026,,18-07-2026,15:30,GHF Blue Pirates,Mvita XI,0,2,https://www.kenyahockeyunion.org/joomsport_match/super-league-men-slm-2026-ghf-blue-pirates-vs-mvita-xi/
SLM,2026,,19-07-2026,11:00,Impala,GHF Blue Pirates,1,1,https://www.kenyahockeyunion.org/joomsport_match/super-league-men-slm-2026-impala-vs-ghf-blue-pirates/
SLM,2026,,18-07-2026,12:20,Impala,Parkroad Badgers,2,1,https://www.kenyahockeyunion.org/joomsport_match/super-league-men-slm-2026-impala-vs-parkroad-badgers/
SLM,2026,,14-06-2026,11:00,Impala,UON Men,2,1,https://www.kenyahockeyunion.org/joomsport_match/super-league-men-slm-2026-impala-vs-uon-men/
SLM,2026,,13-06-2026,15:00,Impala,Wazalendo Masters,3,3,https://www.kenyahockeyunion.org/joomsport_match/super-league-men-slm-2026-impala-vs-wazalendo-masters/
SLM,2026,,05-07-2026,13:00,KCA University,Impala,4,0,https://www.kenyahockeyunion.org/joomsport_match/super-league-men-slm-2026-kca-university-vs-impala/
SLM,2026,,27-06-2026,13:00,KCA University,Mvita XI,1,2,https://www.kenyahockeyunion.org/joomsport_match/super-league-men-slm-2026-kca-university-vs-mvita-xi/
SLM,2026,,18-07-2026,15:00,KCA University,Nakuru Hockey Club,4,2,https://www.kenyahockeyunion.org/joomsport_match/super-league-men-slm-2026-kca-university-vs-nakuru-hockey-club/
SLM,2026,,19-07-2026,13:00,KCA University,Strathmore University,1,2,https://www.kenyahockeyunion.org/joomsport_match/super-league-men-slm-2026-kca-university-vs-strathmore-university/
SLM,2026,,21-06-2026,09:00,Mvita XI,Impala,4,4,https://www.kenyahockeyunion.org/joomsport_match/super-league-men-slm-2026-mvita-xi-vs-impala/
SLM,2026,,19-07-2026,13:00,Mvita XI,Nakuru Hockey Club,2,2,https://www.kenyahockeyunion.org/joomsport_match/super-league-men-slm-2026-mvita-xi-vs-nakuru-hockey-club/
SLM,2026,,20-06-2026,14:00,Mvita XI,Wazalendo Masters,2,0,https://www.kenyahockeyunion.org/joomsport_match/super-league-men-slm-2026-mvita-xi-vs-wazalendo-masters/
SLM,2026,,04-07-2026,13:00,Nakuru Hockey Club,GHF Blue Pirates,0,1,https://www.kenyahockeyunion.org/joomsport_match/super-league-men-slm-2026-nakuru-hockey-club-vs-ghf-blue-pirates/
SLM,2026,,12-07-2026,11:00,Nakuru Hockey Club,Impala,2,2,https://www.kenyahockeyunion.org/joomsport_match/super-league-men-slm-2026-nakuru-hockey-club-vs-impala/
SLM,2026,,11-07-2026,13:00,Nakuru Hockey Club,Wazalendo Masters,1,1,https://www.kenyahockeyunion.org/joomsport_match/super-league-men-slm-2026-nakuru-hockey-club-vs-wazalendo-masters/
SLM,2026,113.0,07-06-2026,12:00,Parkroad Badgers,KCA University,2,4,https://www.kenyahockeyunion.org/joomsport_match/super-league-men-slm-2026-parkroad-badgers-vs-kca-university/
SLM,2026,,20-06-2026,14:00,Parkroad Badgers,Nakuru Hockey Club,3,1,https://www.kenyahockeyunion.org/joomsport_match/super-league-men-slm-2026-parkroad-badgers-vs-nakuru-hockey-club/
SLM,2026,99.0,06-06-2026,13:00,Parkroad Badgers,Parkroad Tigers,1,2,https://www.kenyahockeyunion.org/joomsport_match/super-league-men-slm-2026-parkroad-badgers-vs-parkroad-tigers/
SLM,2026,,05-07-2026,15:00,Parkroad Badgers,Strathmore University,1,4,https://www.kenyahockeyunion.org/joomsport_match/super-league-men-slm-2026-parkroad-badgers-vs-strathmore-university/
SLM,2026,,19-07-2026,15:00,Parkroad Badgers,Wazalendo Masters,1,3,https://www.kenyahockeyunion.org/joomsport_match/super-league-men-slm-2026-parkroad-badgers-vs-wazalendo-masters/
SLM,2026,,20-06-2026,12:00,Parkroad Tigers,KCA University,1,7,https://www.kenyahockeyunion.org/joomsport_match/super-league-men-slm-2026-parkroad-tigers-vs-kca-university/
SLM,2026,,21-06-2026,09:00,Parkroad Tigers,Nakuru Hockey Club,1,0,https://www.kenyahockeyunion.org/joomsport_match/super-league-men-slm-2026-parkroad-tigers-vs-nakuru-hockey-club/
SLM,2026,,14-06-2026,11:00,Parkroad Tigers,Strathmore University,0,4,https://www.kenyahockeyunion.org/joomsport_match/super-league-men-slm-2026-parkroad-tigers-vs-strathmore-university/
SLM,2026,,18-07-2026,11:00,Parkroad Tigers,Wazalendo Masters,3,2,https://www.kenyahockeyunion.org/joomsport_match/super-league-men-slm-2026-parkroad-tigers-vs-wazalendo-masters/
SLM,2026,,04-07-2026,13:00,Strathmore University,Impala,3,3,https://www.kenyahockeyunion.org/joomsport_match/super-league-men-slm-2026-strathmore-university-vs-impala/
SLM,2026,,13-06-2026,13:00,Strathmore University,UON Men,1,1,https://www.kenyahockeyunion.org/joomsport_match/super-league-men-slm-2026-strathmore-university-vs-uon-men/
SLM,2026,,27-06-2026,14:00,Strathmore University,Wazalendo Masters,2,0,https://www.kenyahockeyunion.org/joomsport_match/super-league-men-slm-2026-strathmore-university-vs-wazalendo-masters/
SLM,2026,100.0,06-06-2026,15:00,UON Men,KCA University,0,1,https://www.kenyahockeyunion.org/joomsport_match/super-league-men-slm-2026-uon-men-vs-kca-university/
SLM,2026,,21-06-2026,13:00,UON Men,Parkroad Badgers,1,4,https://www.kenyahockeyunion.org/joomsport_match/super-league-men-slm-2026-uon-men-vs-parkroad-badgers/
SLM,2026,106.0,07-06-2026,10:00,UON Men,Parkroad Tigers,3,2,https://www.kenyahockeyunion.org/joomsport_match/super-league-men-slm-2026-uon-men-vs-parkroad-tigers/
SLM,2026,,05-07-2026,13:00,Wazalendo Masters,GHF Blue Pirates,0,2,https://www.kenyahockeyunion.org/joomsport_match/super-league-men-slm-2026-wazalendo-masters-vs-ghf-blue-pirates/
SLM,2026,,14-06-2026,13:00,Wazalendo Masters,KCA University,0,3,https://www.kenyahockeyunion.org/joomsport_match/super-league-men-slm-2026-wazalendo-masters-vs-kca-university/
SLM,2026,,04-07-2026,15:00,Wazalendo Masters,UON Men,0,1,https://www.kenyahockeyunion.org/joomsport_match/super-league-men-slm-2026-wazalendo-masters-vs-uon-men/
SLW,2026,101.0,06-06-2026,15:00,Black Tigresses,Twinkle Hockey Club,0,6,https://www.kenyahockeyunion.org/joomsport_match/super-league-women-slw-2026-black-tigresses-vs-twinkle-hockey-club/
SLW,2026,,14-06-2026,10:00,Daystar University Ladies,GHF Rift Pirates Ladies,0,2,https://www.kenyahockeyunion.org/joomsport_match/super-league-women-slw-2026-daystar-university-ladies-vs-ghf-rift-pirates-ladies/
SLW,2026,,04-07-2026,15:00,Daystar University Ladies,Gorillas Hockey Club – Ladies,3,1,https://www.kenyahockeyunion.org/joomsport_match/super-league-women-slw-2026-daystar-university-ladies-vs-gorillas-hockey-club-ladies/
SLW,2026,,28-06-2026,10:00,Daystar University Ladies,Lakers Hockey Club – B,0,1,https://www.kenyahockeyunion.org/joomsport_match/super-league-women-slw-2026-daystar-university-ladies-vs-lakers-hockey-club-b/
SLW,2026,,27-06-2026,12:00,Daystar University Ladies,Wazalendo Pearls,0,3,https://www.kenyahockeyunion.org/joomsport_match/super-league-women-slw-2026-daystar-university-ladies-vs-wazalendo-pearls/
SLW,2026,,27-06-2026,13:00,GHF Rift Pirates Ladies,Lakers Hockey Club – B,2,1,https://www.kenyahockeyunion.org/joomsport_match/super-league-women-slw-2026-ghf-rift-pirates-ladies-vs-lakers-hockey-club-b/
SLW,2026,,11-07-2026,14:00,GHF Rift Pirates Ladies,Mombasa Sports Club Ladies,2,1,https://www.kenyahockeyunion.org/joomsport_match/super-league-women-slw-2026-ghf-rift-pirates-ladies-vs-mombasa-sports-club-ladies/
SLW,2026,,21-06-2026,10:00,GHF Rift Pirates Ladies,Twinkle Hockey Club,0,1,https://www.kenyahockeyunion.org/joomsport_match/super-league-women-slw-2026-ghf-rift-pirates-ladies-vs-twinkle-hockey-club/
SLW,2026,,11-07-2026,13:00,Lakers Hockey Club – B,Gorillas Hockey Club – Ladies,1,0,https://www.kenyahockeyunion.org/joomsport_match/super-league-women-slw-2026-lakers-hockey-club-b-vs-gorillas-hockey-club-ladies/
SLW,2026,,19-07-2026,09:00,Lakers Hockey Club – B,Mombasa Sports Club Ladies,0,0,https://www.kenyahockeyunion.org/joomsport_match/super-league-women-slw-2026-lakers-hockey-club-b-vs-mombasa-sports-club-ladies/
SLW,2026,,20-06-2026,12:00,Lakers Hockey Club – B,Twinkle Hockey Club,3,3,https://www.kenyahockeyunion.org/joomsport_match/super-league-women-slw-2026-lakers-hockey-club-b-vs-twinkle-hockey-club/
SLW,2026,,21-06-2026,09:00,Mombasa Sports Club Ladies,Wazalendo Pearls,1,2,https://www.kenyahockeyunion.org/joomsport_match/super-league-women-slw-2026-mombasa-sports-club-ladies-vs-wazalendo-pearls/
SLW,2026,,19-07-2026,09:00,Swans Hockey Club,GHF Rift Pirates Ladies,2,1,https://www.kenyahockeyunion.org/joomsport_match/super-league-women-slw-2026-swans-hockey-club-vs-ghf-rift-pirates-ladies/
SLW,2026,,18-07-2026,13:00,Swans Hockey Club,Lakers Hockey Club – B,0,1,https://www.kenyahockeyunion.org/joomsport_match/super-league-women-slw-2026-swans-hockey-club-vs-lakers-hockey-club-b/
SLW,2026,97.0,06-06-2026,13:00,Swans Hockey Club,Mombasa Sports Club Ladies,1,1,https://www.kenyahockeyunion.org/joomsport_match/super-league-women-slw-2026-swans-hockey-club-vs-mombasa-sports-club-ladies/
SLW,2026,,20-06-2026,12:30,Swans Hockey Club,Wazalendo Pearls,1,1,https://www.kenyahockeyunion.org/joomsport_match/super-league-women-slw-2026-swans-hockey-club-vs-wazalendo-pearls/
SLW,2026,,05-07-2026,10:00,Twinkle Hockey Club,Daystar University Ladies,2,0,https://www.kenyahockeyunion.org/joomsport_match/super-league-women-slw-2026-twinkle-hockey-club-vs-daystar-university-ladies/
SLW,2026,,13-06-2026,11:00,Wazalendo Pearls,GHF Rift Pirates Ladies,2,1,https://www.kenyahockeyunion.org/joomsport_match/super-league-women-slw-2026-wazalendo-pearls-vs-ghf-rift-pirates-ladies/
SLW,2026,,05-07-2026,11:00,Wazalendo Pearls,Gorillas Hockey Club – Ladies,2,1,https://www.kenyahockeyunion.org/joomsport_match/super-league-women-slw-2026-wazalendo-pearls-vs-gorillas-hockey-club-ladies/
SLW,2026,108.0,07-06-2026,11:00,Wazalendo Pearls,Twinkle Hockey Club,0,1,https://www.kenyahockeyunion.org/joomsport_match/super-league-women-slw-2026-wazalendo-pearls-vs-twinkle-hockey-club/
NLM-EZ,2026,,18-07-2026,11:00,Black Tigers,Daystar University Men,4,1,https://www.kenyahockeyunion.org/joomsport_match/national-league-men-_-ez-nlm-ez-2026-black-tigers-vs-daystar-university-men/
NLM-EZ,2026,,19-07-2026,15:00,Black Tigers,Gorillas,0,1,https://www.kenyahockeyunion.org/joomsport_match/national-league-men-_-ez-nlm-ez-2026-black-tigers-vs-gorillas/
NLM-EZ,2026,,11-07-2026,10:30,Black Tigers,Parklands Sports Club – Legacy,2,1,https://www.kenyahockeyunion.org/joomsport_match/national-league-men-_-ez-nlm-ez-2026-black-tigers-vs-parklands-sports-club-legacy/
NLM-EZ,2026,,06-06-2026,13:00,Black Tigers,UoN Cubs,1,0,https://www.kenyahockeyunion.org/joomsport_match/national-league-men-_-ez-nlm-ez-2026-black-tigers-vs-uon-cubs/
NLM-EZ,2026,,04-07-2026,13:00,Daystar University Men,Gorillas,2,3,https://www.kenyahockeyunion.org/joomsport_match/national-league-men-_-ez-nlm-ez-2026-daystar-university-men-vs-gorillas/
NLM-EZ,2026,,27-06-2026,14:00,Daystar University Men,Parklands Sports Club – Legacy,0,1,https://www.kenyahockeyunion.org/joomsport_match/national-league-men-_-ez-nlm-ez-2026-daystar-university-men-vs-parklands-sports-club-legacy/
NLM-EZ,2026,,13-06-2026,13:00,Daystar University Men,Ulinzi Patriots,1,2,https://www.kenyahockeyunion.org/joomsport_match/national-league-men-_-ez-nlm-ez-2026-daystar-university-men-vs-ulinzi-patriots/
NLM-EZ,2026,,27-06-2026,14:00,Gorillas,Mombasa Sports Club,1,1,https://www.kenyahockeyunion.org/joomsport_match/national-league-men-_-ez-nlm-ez-2026-gorillas-vs-mombasa-sports-club/
NLM-EZ,2026,,28-06-2026,09:00,Gorillas,Mombasa West,1,2,https://www.kenyahockeyunion.org/joomsport_match/national-league-men-_-ez-nlm-ez-2026-gorillas-vs-mombasa-west/
NLM-EZ,2026,,21-06-2026,10:00,Gorillas,Parklands Sports Club – Legacy,1,1,https://www.kenyahockeyunion.org/joomsport_match/national-league-men-_-ez-nlm-ez-2026-gorillas-vs-parklands-sports-club-legacy/
NLM-EZ,2026,,20-06-2026,15:00,Gorillas,Snippers Hockey Club (Makueni),1,0,https://www.kenyahockeyunion.org/joomsport_match/national-league-men-_-ez-nlm-ez-2026-gorillas-vs-snippers-hockey-club-makueni/
NLM-EZ,2026,,07-06-2026,09:00,Gorillas,Ulinzi Patriots,0,2,https://www.kenyahockeyunion.org/joomsport_match/national-league-men-_-ez-nlm-ez-2026-gorillas-vs-ulinzi-patriots/
NLM-EZ,2026,,05-07-2026,09:00,Mombasa Sports Club,Black Tigers,1,1,https://www.kenyahockeyunion.org/joomsport_match/national-league-men-_-ez-nlm-ez-2026-mombasa-sports-club-vs-black-tigers/
NLM-EZ,2026,,04-07-2026,13:00,Mombasa Sports Club,Parklands Sports Club – Legacy,1,1,https://www.kenyahockeyunion.org/joomsport_match/national-league-men-_-ez-nlm-ez-2026-mombasa-sports-club-vs-parklands-sports-club-legacy/
NLM-EZ,2026,,04-07-2026,14:30,Mombasa West,Black Tigers,3,1,https://www.kenyahockeyunion.org/joomsport_match/national-league-men-_-ez-nlm-ez-2026-mombasa-west-vs-black-tigers/
NLM-EZ,2026,,07-06-2026,11:00,Mombasa West,Mombasa Sports Club,1,2,https://www.kenyahockeyunion.org/joomsport_match/national-league-men-_-ez-nlm-ez-2026-mombasa-west-vs-mombasa-sports-club/
NLM-EZ,2026,,05-07-2026,10:30,Mombasa West,Parklands Sports Club – Legacy,2,2,https://www.kenyahockeyunion.org/joomsport_match/national-league-men-_-ez-nlm-ez-2026-mombasa-west-vs-parklands-sports-club-legacy/
NLM-EZ,2026,,28-06-2026,13:00,Parklands Sports Club – Legacy,Snippers Hockey Club (Makueni),2,0,https://www.kenyahockeyunion.org/joomsport_match/national-league-men-_-ez-nlm-ez-2026-parklands-sports-club-legacy-vs-snippers-hockey-club-makueni/
NLM-EZ,2026,,13-06-2026,11:00,Parklands Sports Club – Legacy,UoN Cubs,1,3,https://www.kenyahockeyunion.org/joomsport_match/national-league-men-_-ez-nlm-ez-2026-parklands-sports-club-legacy-vs-uon-cubs/
NLM-EZ,2026,,13-06-2026,13:00,Snippers Hockey Club (Makueni),Black Tigers,0,1,https://www.kenyahockeyunion.org/joomsport_match/national-league-men-_-ez-nlm-ez-2026-snippers-hockey-club-makueni-vs-black-tigers/
NLM-EZ,2026,,11-07-2026,13:00,Snippers Hockey Club (Makueni),Daystar University Men,1,2,https://www.kenyahockeyunion.org/joomsport_match/national-league-men-_-ez-nlm-ez-2026-snippers-hockey-club-makueni-vs-daystar-university-men/
NLM-EZ,2026,,04-07-2026,13:00,Snippers Hockey Club (Makueni),Ulinzi Patriots,1,2,https://www.kenyahockeyunion.org/joomsport_match/national-league-men-_-ez-nlm-ez-2026-snippers-hockey-club-makueni-vs-ulinzi-patriots/
NLM-EZ,2026,,07-06-2026,09:00,TUK Men,Black Tigers,3,2,https://www.kenyahockeyunion.org/joomsport_match/national-league-men-_-ez-nlm-ez-2026-tuk-men-vs-black-tigers/
NLM-EZ,2026,,06-06-2026,15:00,TUK Men,Gorillas,1,2,https://www.kenyahockeyunion.org/joomsport_match/national-league-men-_-ez-nlm-ez-2026-tuk-men-vs-gorillas/
NLM-EZ,2026,,12-07-2026,13:00,Ulinzi Patriots,Black Tigers,2,1,https://www.kenyahockeyunion.org/joomsport_match/national-league-men-_-ez-nlm-ez-2026-ulinzi-patriots-vs-black-tigers/
NLM-EZ,2026,,28-06-2026,11:00,Ulinzi Patriots,Mombasa Sports Club,2,2,https://www.kenyahockeyunion.org/joomsport_match/national-league-men-_-ez-nlm-ez-2026-ulinzi-patriots-vs-mombasa-sports-club-2/
NLM-EZ,2026,,27-06-2026,15:30,Ulinzi Patriots,Mombasa West,0,0,https://www.kenyahockeyunion.org/joomsport_match/national-league-men-_-ez-nlm-ez-2026-ulinzi-patriots-vs-mombasa-west/
NLM-EZ,2026,,14-06-2026,08:00,Ulinzi Patriots,Parklands Sports Club – Legacy,1,2,https://www.kenyahockeyunion.org/joomsport_match/national-league-men-_-ez-nlm-ez-2026-ulinzi-patriots-vs-parklands-sports-club-legacy/
NLM-EZ,2026,,20-06-2026,14:00,Ulinzi Patriots,UoN Cubs,3,1,https://www.kenyahockeyunion.org/joomsport_match/national-league-men-_-ez-nlm-ez-2026-ulinzi-patriots-vs-uon-cubs/
NLM-EZ,2026,,14-06-2026,13:00,UoN Cubs,Daystar University Men,1,0,https://www.kenyahockeyunion.org/joomsport_match/national-league-men-_-ez-nlm-ez-2026-uon-cubs-vs-daystar-university-men/
NLM-EZ,2026,,21-06-2026,11:00,UoN Cubs,Snippers Hockey Club (Makueni),1,0,https://www.kenyahockeyunion.org/joomsport_match/national-league-men-_-ez-nlm-ez-2026-uon-cubs-vs-snippers-hockey-club-makueni/
NLM-CZ,2026,92.0,06-06-2026,13:00,Dukes of Gloucester,Nyari Hockey Club,5,0,https://www.kenyahockeyunion.org/joomsport_match/national-league-men-_-cz-nlm-cz-2026-dukes-of-gloucester-vs-nyari-hockey-club/
NLM-CZ,2026,,21-06-2026,12:00,GHF Rift Pirates Men,Dukes of Gloucester,9,1,https://www.kenyahockeyunion.org/joomsport_match/national-league-men-_-cz-nlm-cz-2026-ghf-rift-pirates-men-vs-dukes-of-gloucester/
NLM-CZ,2026,107.0,07-06-2026,10:00,Thika Rovers,Dukes of Gloucester,8,0,https://www.kenyahockeyunion.org/joomsport_match/national-league-men-_-cz-nlm-cz-2026-thika-rovers-vs-dukes-of-gloucester/
NLM-WZ,2026,,21-06-2026,10:00,Fire Flickers,GHF Blue Pirates II,3,1,https://www.kenyahockeyunion.org/joomsport_match/national-league-men-wz-nlm-wz-2026-fire-flickers-vs-ghf-blue-pirates-ii/
NLM-WZ,2026,,18-07-2026,13:00,Fire Flickers,Kitale Hockey Club,1,2,https://www.kenyahockeyunion.org/joomsport_match/national-league-men-wz-nlm-wz-2026-fire-flickers-vs-kitale-hockey-club/
NLM-WZ,2026,,06-06-2026,13:00,Fire Flickers,Lakers Hockey Club Men,1,1,https://www.kenyahockeyunion.org/joomsport_match/national-league-men-wz-nlm-wz-2026-fire-flickers-vs-lakers-hockey-club-men/
NLM-WZ,2026,,14-06-2026,10:00,GHF Blue Pirates II,Kitale Hockey Club,2,3,https://www.kenyahockeyunion.org/joomsport_match/national-league-men-wz-nlm-wz-2026-ghf-blue-pirates-ii-vs-kitale-hockey-club/
NLM-WZ,2026,,27-06-2026,14:00,GHF Blue Pirates II,Nandi Hawks,2,2,https://www.kenyahockeyunion.org/joomsport_match/national-league-men-wz-nlm-wz-2026-ghf-blue-pirates-ii-vs-nandi-hawks/
NLM-WZ,2026,,12-07-2026,11:00,Kitale Hockey Club,Nandi Hawks,7,0,https://www.kenyahockeyunion.org/joomsport_match/national-league-men-wz-nlm-wz-2026-kitale-hockey-club-vs-nandi-hawks/
NLM-WZ,2026,,20-06-2026,14:00,Lakers Hockey Club Men,GHF Blue Pirates II,1,0,https://www.kenyahockeyunion.org/joomsport_match/national-league-men-wz-nlm-wz-2026-lakers-hockey-club-men-vs-ghf-blue-pirates-ii/
NLM-WZ,2026,,19-07-2026,09:00,Lakers Hockey Club Men,Kitale Hockey Club,0,1,https://www.kenyahockeyunion.org/joomsport_match/national-league-men-wz-nlm-wz-2026-lakers-hockey-club-men-vs-kitale-hockey-club/
NLM-WZ,2026,,14-06-2026,10:00,Nandi Hawks,Fire Flickers,1,0,https://www.kenyahockeyunion.org/joomsport_match/national-league-men-wz-nlm-wz-2026-nandi-hawks-vs-fire-flickers/
NLM-WZ,2026,,05-07-2026,10:00,Nandi Hawks,Lakers Hockey Club Men,1,2,https://www.kenyahockeyunion.org/joomsport_match/national-league-men-wz-nlm-wz-2026-nandi-hawks-vs-lakers-hockey-club-men/
NLM-WZ,2026,,19-07-2026,15:00,Western Jaguars Dev,Kitale Hockey Club,0,2,https://www.kenyahockeyunion.org/joomsport_match/national-league-men-wz-nlm-wz-2026-western-jaguars-dev-vs-kitale-hockey-club/
NLM-SZ,2026,,06-06-2026,13:00,Bay Club,Kisii Falcons,1,3,https://www.kenyahockeyunion.org/joomsport_match/national-league-men-sz-nlm-sz-2026-bay-club-vs-kisii-falcons/
NLM-SZ,2026,,21-06-2026,10:00,Gorillas Hockey CLub – Migori,Bay Club,0,8,https://www.kenyahockeyunion.org/joomsport_match/national-league-men-sz-nlm-sz-2026-gorillas-hockey-club-migori-vs-bay-club/
NLM-SZ,2026,,13-06-2026,13:00,Kisii Falcons,Gorillas Hockey CLub – Migori,4,0,https://www.kenyahockeyunion.org/joomsport_match/national-league-men-sz-nlm-sz-2026-kisii-falcons-vs-gorillas-hockey-club-migori/
NLM-SZ,2026,,20-06-2026,13:00,Oyugis Hockey Club,Bay Club,0,2,https://www.kenyahockeyunion.org/joomsport_match/national-league-men-sz-nlm-sz-2026-oyugis-hockey-club-vs-bay-club/
NLM-SZ,2026,,14-06-2026,10:00,Oyugis Hockey Club,Gorillas Hockey CLub – Migori,1,3,https://www.kenyahockeyunion.org/joomsport_match/national-league-men-sz-nlm-sz-2026-oyugis-hockey-club-vs-gorillas-hockey-club-migori/
NLM-SZ,2026,,07-06-2026,11:00,Oyugis Hockey Club,Kisii Falcons,0,10,https://www.kenyahockeyunion.org/joomsport_match/national-league-men-sz-nlm-sz-2026-oyugis-hockey-club-vs-kisii-falcons/
PLW,2026,86.0,05-07-2026,09:00,Sliders Hockey Club,Kisumu Queens,0,1,https://www.kenyahockeyunion.org/joomsport_match/premier-league-women-plw-2026-sliders-hockey-club-vs-kisumu-queens/
